{
  "red_wins": 0,
  "blue_wins": 0,
  "draws": 20,
  "red_scores": [
    1000,
    1000,
    1000,
    1000,
    1000,
    1000,
    1000,
    1000,
    1000,
    1000,
    1000,
    1000,
    1000,
    1000,
    1000,
    1000,
    1000,
    1000,
    1000,
    1000
  ],
  "blue_scores": [
    1000,
    1000,
    1000,
    1000,
    1000,
    1000,
    1000,
    1000,
    1000,
    1000,
    1000,
    1000,
    1000,
    1000,
    1000,
    1000,
    1000,
    1000,
    1000,
    1000
  ],
  "steps": [
    100,
    100,
    100,
    100,
    100,
    100,
    100,
    100,
    100,
    100,
    100,
    100,
    100,
    100,
    100,
    100,
    100,
    100,
    100,
    100
  ],
  "durations": [
    0.18616962432861328,
    0.22564411163330078,
    0.24723100662231445,
    0.2079486846923828,
    0.15842366218566895,
    0.2104511260986328,
    0.221174955368042,
    0.27965641021728516,
    0.2366023063659668,
    0.20041155815124512,
    0.21875691413879395,
    0.18012166023254395,
    0.1772904396057129,
    0.19747376441955566,
    0.19804596900939941,
    0.1713581085205078,
    0.16023731231689453,
    0.19966530799865723,
    0.17293000221252441,
    0.1643998622894287
  ]
}